Frequency,MiHI ROI,Supergranules,Pore 01,Pore 04,Pore 08,Pore 12,Pore 16,Pore 20,Pore 24,Pore 28,Pore 32
2.0-3.0 mHz,0.891503,0.98076075,0.9118719,0.9975949,1.0335972,1.0760167,0.8607571,0.951673,0.94663894,0.9303222,1.0567906
3.0-4.0 mHz,0.9828603,0.9941832,0.8982259,0.89296246,1.0581243,1.0620112,0.90828544,1.0332102,1.075794,0.91871434,0.9937869
4.0-5.0 mHz,1.0126818,1.0208141,0.9205642,1.0385584,0.99565774,1.0192269,1.0389377,1.0562899,1.0252955,1.0145042,0.8638964
5.0-6.0 mHz,0.99391586,1.0670171,0.9132449,1.0206182,0.9828596,0.9842033,1.0154841,0.94476485,0.96276015,0.97354305,0.9157502
6.0-7.0 mHz,0.9782752,1.0628408,0.86451346,0.97465837,0.9324306,0.9541604,0.9385655,0.9474045,0.9188879,0.9905445,0.87055135
7.0-8.0 mHz,0.9849497,1.058814,0.89217776,0.9350758,0.98156995,1.0300697,0.965875,0.9041956,0.9570736,1.0417194,0.9060291
8.0-9.0 mHz,0.9879441,1.053013,0.88066363,0.9744494,1.0059752,1.0061667,0.9707074,0.92252403,0.97284174,0.9949426,0.91966105
9.0-10.0 mHz,1.0126293,1.0426161,0.909116,0.9804364,0.98412377,0.9673209,0.9857513,0.8992509,0.98436904,1.0115417,0.95510256
10.0-11.0 mHz,1.0045485,1.0296462,0.93626827,1.0288234,1.0445864,1.0181637,1.0089982,0.93087316,0.94336414,1.0628756,0.9139433
