Frequency,Full map mean,Full map std,MiHI ROI mean,MiHI ROI std,Supergranules mean,Supergranules std,Pore 01 mean,Pore 01 std,Pore 04 mean,Pore 04 std,Pore 08 mean,Pore 08 std,Pore 12 mean,Pore 12 std,Pore 16 mean,Pore 16 std,Pore 20 mean,Pore 20 std,Pore 24 mean,Pore 24 std,Pore 28 mean,Pore 28 std,Pore 32 mean,Pore 32 std
2.0-3.0 mHz,104014.58,14696.851,91692.58,9542.487,100872.89,13877.501,93787.555,9606.35,102604.31,8638.618,106307.21,17111.973,110670.125,8655.031,88530.31,12098.187,97881.164,7482.6294,97363.41,11775.207,95685.195,10172.598,108692.69,10984.352
3.0-4.0 mHz,313007.6,36128.836,307334.53,28860.967,310875.12,35835.652,280869.84,50532.92,279224.0,19118.05,330869.12,19697.45,332084.53,26313.41,284015.4,19783.02,323078.62,20182.922,336394.3,36872.51,287276.47,29623.803,310751.2,25578.258
4.0-5.0 mHz,83609.96,10435.948,84105.36,9388.415,84780.76,10549.276,76454.79,7764.1636,86254.45,9587.29,82691.47,9861.722,84648.94,6391.85,86285.96,7078.3906,87727.1,7605.2305,85152.945,9590.766,84256.7,9038.08,71748.414,8506.032
5.0-6.0 mHz,14253.126,1826.3555,13929.647,1435.872,14954.154,1882.145,12799.051,1330.4182,14303.879,1893.8027,13774.695,1345.258,13793.526,1507.2655,14231.925,1306.9012,13240.8,1532.193,13493.003,1496.7874,13644.124,1666.8756,12834.162,1681.9644
6.0-7.0 mHz,5123.151,630.22174,4922.682,568.27563,5348.2163,629.88684,4350.233,551.4502,4904.4824,508.57385,4691.992,492.44955,4801.3364,438.50424,4722.863,620.703,4767.341,627.73224,4623.845,429.67136,4984.4214,527.17444,4380.6157,401.6729
7.0-8.0 mHz,2819.7363,365.4405,2717.2195,314.1493,2920.992,363.7665,2461.286,309.02127,2579.6304,291.69403,2707.8955,250.74469,2841.6936,247.6261,2664.5974,302.14728,2494.44,337.7405,2640.3167,317.71393,2873.8323,342.6654,2499.498,219.21559
8.0-9.0 mHz,1449.3342,188.8305,1397.9429,185.78944,1490.0154,185.15222,1246.1407,150.9214,1378.8478,175.19911,1423.4569,187.89342,1423.7278,150.58128,1373.5529,201.66415,1305.3733,151.1408,1376.573,176.03944,1407.8457,181.53381,1301.3221,175.39418
9.0-10.0 mHz,887.745,119.72962,873.5864,92.86351,899.45575,115.737976,784.28644,97.529396,845.81384,114.73151,848.99493,108.20431,834.49927,90.72392,850.399,89.14127,775.7759,96.61256,849.20654,104.85732,872.64813,111.30988,823.9586,111.37578
10.0-11.0 mHz,656.10205,86.44642,639.1447,80.50716,655.1131,83.110435,595.70135,66.6185,654.5896,85.96311,664.6189,78.39955,647.8074,83.81598,641.9758,93.45388,592.26874,67.004,600.2161,73.50881,676.25543,81.49086,581.4971,71.733925
