Frequency,MiHI ROI,Supergranules,R01,R02,R03,R04,R05,R06,R07,R08,R09,R10,R11,R12
2.0-3.0 mHz,0.8915029,0.99036324,1.0838323,0.9544672,1.0117068,1.02756,0.96389574,0.9198578,1.0084939,0.9372861,0.954164,1.1597205,0.96799934,0.9712831
3.0-4.0 mHz,0.98286027,0.9958467,0.927012,0.9430992,0.85484654,0.9062521,0.94551134,1.0187162,1.0060898,1.0568252,1.0451163,0.9563625,0.88686824,0.9810349
4.0-5.0 mHz,1.0126818,1.0131702,0.96134347,0.9208725,0.936927,0.96153647,1.0257629,0.95644575,0.9643102,1.0001915,0.98595214,1.0267287,0.95225483,0.82337314
5.0-6.0 mHz,0.99391603,1.0409324,1.019951,0.9247847,1.0231159,0.94011337,1.0588893,0.9134304,1.0359403,0.9369205,0.96846914,1.0265025,1.0316184,0.9646104
6.0-7.0 mHz,0.97827506,1.0398943,0.9374159,0.8999123,1.0051512,0.9529746,1.0377609,0.96994245,0.9915322,0.9086135,0.95933914,1.0435117,1.032323,0.9650741
7.0-8.0 mHz,0.98494965,1.0377384,1.0189807,0.90446305,1.0155365,0.90386295,1.0736843,0.91285115,1.0481322,0.9447535,1.0007343,1.153929,1.0861585,0.92783684
8.0-9.0 mHz,0.9879441,1.0363992,1.0070121,0.9276881,0.971336,0.91967744,1.030615,0.8946378,1.0258111,0.9459381,0.9401908,0.988175,1.0860142,1.0232105
9.0-10.0 mHz,1.0126292,1.0284038,1.031963,0.9248121,0.94828224,1.022195,1.1209512,0.9168661,1.064336,0.94454056,0.99596286,1.1056054,1.016173,0.9258247
10.0-11.0 mHz,1.0045488,1.0215029,1.0834908,0.94381243,0.9727373,1.0120412,1.0465418,0.95546407,1.0473201,0.95564014,0.9512119,1.038162,1.0312566,0.9808526
