Frequency,Region,Mean,Std,Valid pixels
2.0-3.0 mHz,Full map,104014.58,14696.851,1048576
2.0-3.0 mHz,MiHI ROI,91692.58,9542.487,278
2.0-3.0 mHz,Supergranules,100872.89,13877.501,57283
2.0-3.0 mHz,Pore 01,93787.555,9606.35,277
2.0-3.0 mHz,Pore 04,102604.31,8638.618,165
2.0-3.0 mHz,Pore 08,106307.21,17111.973,197
2.0-3.0 mHz,Pore 12,110670.125,8655.031,141
2.0-3.0 mHz,Pore 16,88530.31,12098.187,83
2.0-3.0 mHz,Pore 20,97881.164,7482.6294,131
2.0-3.0 mHz,Pore 24,97363.41,11775.207,317
2.0-3.0 mHz,Pore 28,95685.195,10172.598,419
2.0-3.0 mHz,Pore 32,108692.69,10984.352,145
3.0-4.0 mHz,Full map,313007.6,36128.836,1048576
3.0-4.0 mHz,MiHI ROI,307334.53,28860.967,278
3.0-4.0 mHz,Supergranules,310875.12,35835.652,57283
3.0-4.0 mHz,Pore 01,280869.84,50532.92,277
3.0-4.0 mHz,Pore 04,279224.0,19118.05,165
3.0-4.0 mHz,Pore 08,330869.12,19697.45,197
3.0-4.0 mHz,Pore 12,332084.53,26313.41,141
3.0-4.0 mHz,Pore 16,284015.4,19783.02,83
3.0-4.0 mHz,Pore 20,323078.62,20182.922,131
3.0-4.0 mHz,Pore 24,336394.3,36872.51,317
3.0-4.0 mHz,Pore 28,287276.47,29623.803,419
3.0-4.0 mHz,Pore 32,310751.2,25578.258,145
4.0-5.0 mHz,Full map,83609.96,10435.948,1048576
4.0-5.0 mHz,MiHI ROI,84105.36,9388.415,278
4.0-5.0 mHz,Supergranules,84780.76,10549.276,57283
4.0-5.0 mHz,Pore 01,76454.79,7764.1636,277
4.0-5.0 mHz,Pore 04,86254.45,9587.29,165
4.0-5.0 mHz,Pore 08,82691.47,9861.722,197
4.0-5.0 mHz,Pore 12,84648.94,6391.85,141
4.0-5.0 mHz,Pore 16,86285.96,7078.3906,83
4.0-5.0 mHz,Pore 20,87727.1,7605.2305,131
4.0-5.0 mHz,Pore 24,85152.945,9590.766,317
4.0-5.0 mHz,Pore 28,84256.7,9038.08,419
4.0-5.0 mHz,Pore 32,71748.414,8506.032,145
5.0-6.0 mHz,Full map,14253.126,1826.3555,1048576
5.0-6.0 mHz,MiHI ROI,13929.647,1435.872,278
5.0-6.0 mHz,Supergranules,14954.154,1882.145,57283
5.0-6.0 mHz,Pore 01,12799.051,1330.4182,277
5.0-6.0 mHz,Pore 04,14303.879,1893.8027,165
5.0-6.0 mHz,Pore 08,13774.695,1345.258,197
5.0-6.0 mHz,Pore 12,13793.526,1507.2655,141
5.0-6.0 mHz,Pore 16,14231.925,1306.9012,83
5.0-6.0 mHz,Pore 20,13240.8,1532.193,131
5.0-6.0 mHz,Pore 24,13493.003,1496.7874,317
5.0-6.0 mHz,Pore 28,13644.124,1666.8756,419
5.0-6.0 mHz,Pore 32,12834.162,1681.9644,145
6.0-7.0 mHz,Full map,5123.151,630.22174,1048576
6.0-7.0 mHz,MiHI ROI,4922.682,568.27563,278
6.0-7.0 mHz,Supergranules,5348.2163,629.88684,57283
6.0-7.0 mHz,Pore 01,4350.233,551.4502,277
6.0-7.0 mHz,Pore 04,4904.4824,508.57385,165
6.0-7.0 mHz,Pore 08,4691.992,492.44955,197
6.0-7.0 mHz,Pore 12,4801.3364,438.50424,141
6.0-7.0 mHz,Pore 16,4722.863,620.703,83
6.0-7.0 mHz,Pore 20,4767.341,627.73224,131
6.0-7.0 mHz,Pore 24,4623.845,429.67136,317
6.0-7.0 mHz,Pore 28,4984.4214,527.17444,419
6.0-7.0 mHz,Pore 32,4380.6157,401.6729,145
7.0-8.0 mHz,Full map,2819.7363,365.4405,1048576
7.0-8.0 mHz,MiHI ROI,2717.2195,314.1493,278
7.0-8.0 mHz,Supergranules,2920.992,363.7665,57283
7.0-8.0 mHz,Pore 01,2461.286,309.02127,277
7.0-8.0 mHz,Pore 04,2579.6304,291.69403,165
7.0-8.0 mHz,Pore 08,2707.8955,250.74469,197
7.0-8.0 mHz,Pore 12,2841.6936,247.6261,141
7.0-8.0 mHz,Pore 16,2664.5974,302.14728,83
7.0-8.0 mHz,Pore 20,2494.44,337.7405,131
7.0-8.0 mHz,Pore 24,2640.3167,317.71393,317
7.0-8.0 mHz,Pore 28,2873.8323,342.6654,419
7.0-8.0 mHz,Pore 32,2499.498,219.21559,145
8.0-9.0 mHz,Full map,1449.3342,188.8305,1048576
8.0-9.0 mHz,MiHI ROI,1397.9429,185.78944,278
8.0-9.0 mHz,Supergranules,1490.0154,185.15222,57283
8.0-9.0 mHz,Pore 01,1246.1407,150.9214,277
8.0-9.0 mHz,Pore 04,1378.8478,175.19911,165
8.0-9.0 mHz,Pore 08,1423.4569,187.89342,197
8.0-9.0 mHz,Pore 12,1423.7278,150.58128,141
8.0-9.0 mHz,Pore 16,1373.5529,201.66415,83
8.0-9.0 mHz,Pore 20,1305.3733,151.1408,131
8.0-9.0 mHz,Pore 24,1376.573,176.03944,317
8.0-9.0 mHz,Pore 28,1407.8457,181.53381,419
8.0-9.0 mHz,Pore 32,1301.3221,175.39418,145
9.0-10.0 mHz,Full map,887.745,119.72962,1048576
9.0-10.0 mHz,MiHI ROI,873.5864,92.86351,278
9.0-10.0 mHz,Supergranules,899.45575,115.737976,57283
9.0-10.0 mHz,Pore 01,784.28644,97.529396,277
9.0-10.0 mHz,Pore 04,845.81384,114.73151,165
9.0-10.0 mHz,Pore 08,848.99493,108.20431,197
9.0-10.0 mHz,Pore 12,834.49927,90.72392,141
9.0-10.0 mHz,Pore 16,850.399,89.14127,83
9.0-10.0 mHz,Pore 20,775.7759,96.61256,131
9.0-10.0 mHz,Pore 24,849.20654,104.85732,317
9.0-10.0 mHz,Pore 28,872.64813,111.30988,419
9.0-10.0 mHz,Pore 32,823.9586,111.37578,145
10.0-11.0 mHz,Full map,656.10205,86.44642,1048576
10.0-11.0 mHz,MiHI ROI,639.1447,80.50716,278
10.0-11.0 mHz,Supergranules,655.1131,83.110435,57283
10.0-11.0 mHz,Pore 01,595.70135,66.6185,277
10.0-11.0 mHz,Pore 04,654.5896,85.96311,165
10.0-11.0 mHz,Pore 08,664.6189,78.39955,197
10.0-11.0 mHz,Pore 12,647.8074,83.81598,141
10.0-11.0 mHz,Pore 16,641.9758,93.45388,83
10.0-11.0 mHz,Pore 20,592.26874,67.004,131
10.0-11.0 mHz,Pore 24,600.2161,73.50881,317
10.0-11.0 mHz,Pore 28,676.25543,81.49086,419
10.0-11.0 mHz,Pore 32,581.4971,71.733925,145
