Frequency,Full map mean,Full map std,MiHI ROI mean,MiHI ROI std,Supergranules mean,Supergranules std,R01 mean,R01 std,R02 mean,R02 std,R03 mean,R03 std,R04 mean,R04 std,R05 mean,R05 std,R06 mean,R06 std,R07 mean,R07 std,R08 mean,R08 std,R09 mean,R09 std,R10 mean,R10 std,R11 mean,R11 std,R12 mean,R12 std
2.0-3.0 mHz,104014.61,14696.852,91692.58,9542.487,101860.53,14337.2295,111473.98,9573.659,98168.56,9120.795,104055.75,11074.364,105686.28,6750.3457,99138.305,13369.789,94608.93,18758.184,103725.305,19042.223,96401.45,11286.921,98137.38,7139.9126,119279.22,15956.742,99560.37,12461.581,99898.1,6682.6978
3.0-4.0 mHz,313007.62,36128.836,307334.53,28860.967,311395.3,36397.055,289871.12,22747.744,294901.5,43152.48,267305.4,28096.658,283379.62,27760.502,295655.75,36243.832,318546.47,25468.527,314598.28,29725.322,330462.94,38997.004,326801.62,21442.332,299048.84,27189.072,277318.4,39977.414,306763.75,29527.809
4.0-5.0 mHz,83609.97,10435.948,84105.36,9388.415,84145.92,10489.365,79841.6,8129.624,76480.41,7479.053,77813.766,8960.167,79857.63,7979.2075,85191.77,8533.083,79434.836,11058.64,80088.0,8177.705,83068.01,8674.256,81885.41,10654.936,85271.984,8208.555,79086.77,6724.8105,68382.875,6377.421
5.0-6.0 mHz,14253.127,1826.3555,13929.647,1435.872,14588.578,1822.2455,14294.525,1667.7512,12960.778,1397.0004,14338.882,1585.6366,13175.608,1492.5125,14840.242,1391.2019,12801.648,1642.3193,14518.614,1441.8876,13130.86,1578.7289,13573.012,1235.241,14386.344,1279.3147,14458.043,1677.3015,13518.932,1179.2004
6.0-7.0 mHz,5123.151,630.2218,4922.682,568.27563,5232.7505,621.5817,4717.0786,510.62054,4528.3604,524.38324,5057.9224,643.74396,4795.37,650.16736,5222.0146,544.97894,4880.7524,631.04517,4989.392,668.03656,4572.145,457.14133,4827.3965,537.4472,5250.953,637.73706,5194.6514,640.76636,4856.255,399.99796
7.0-8.0 mHz,2819.7358,365.44046,2717.2195,314.1493,2862.85,359.85785,2811.1023,314.32465,2495.178,311.4462,2801.6008,315.14838,2493.5225,321.2385,2962.0154,343.5869,2518.3186,300.41583,2891.5237,283.98383,2606.3289,256.6856,2760.7654,308.59705,3183.3896,338.25464,2996.4285,383.52185,2559.6602,264.79663
8.0-9.0 mHz,1449.3339,188.83046,1397.9429,185.78944,1466.507,183.84026,1424.9242,159.50682,1312.6805,189.06572,1374.4424,178.89044,1301.3453,191.96419,1458.3223,159.20709,1265.9143,170.85493,1451.5247,183.2217,1338.5043,153.70108,1330.3718,162.87624,1398.2695,185.571,1536.7122,198.14796,1447.845,178.38573
9.0-10.0 mHz,887.74475,119.72963,873.5864,92.86351,887.1951,114.367065,890.2656,112.902176,797.82745,97.63778,818.07495,83.99884,881.8388,103.101166,967.035,118.544136,790.97253,98.406204,918.1934,95.568275,814.84705,110.84288,859.2086,99.871735,953.79626,132.71075,876.6437,119.07794,798.701,103.095856
10.0-11.0 mHz,656.1019,86.44642,639.1447,80.50716,649.93176,82.05393,689.37164,81.735054,600.50116,68.624565,618.90466,77.39328,643.9118,79.52635,665.8628,77.29984,607.91455,70.85975,666.358,85.29125,608.02655,68.07483,605.2091,74.89335,660.5311,81.272446,656.1376,76.62661,624.068,80.32117
